time,weight
0,4
1,4
2,4
3,4
4,4
5,4
6,4
7,4
8,4
9,4
10,4
11,4
12,4
13,4
14,4
15,4
16,4
17,4
18,4
19,4
20,4
21,4
22,4
23,4
24,4
25,4
26,4
27,4
28,4
29,4
30,4
31,4
32,4
33,4
34,4
35,4
36,4
37,4
38,4
39,4
40,4
41,4
42,4
43,4
44,4
45,4
46,4
47,4
48,4
49,4
50,4
51,4
52,4
53,4
54,4
55,4
56,4
57,4
58,4
59,4
60,4
61,4
62,4
63,4
64,4
65,4
66,4
67,4
68,4
69,4
70,4
71,4
72,4
73,4
74,4
75,4
76,4
77,4
78,4
79,4
80,4
81,4
82,4
83,4
84,4
85,4
86,4
87,4
88,4
89,4
90,4
91,4
92,4
93,4
94,4
95,4
96,4
97,4
98,4
99,4
100,4
time,weight
0,4
time,weight
0,4
1,4
2,4
3,4
4,4
5,4
6,4
7,4
8,4
9,4
10,4
11,4
12,4
13,4
14,4
15,4
16,4
17,4
18,4
19,4
20,4
21,4
22,4
23,4
24,4
25,4
26,4
27,4
28,4
29,4
30,4
31,4
32,4
33,4
34,4
35,4
36,4
37,4
38,4
39,4
40,4
41,4
42,4
43,4
44,4
45,4
46,4
47,4
48,4
49,4
50,4
51,4
52,4
53,4
54,4
55,4
56,4
57,4
58,4
59,4
60,4
61,4
62,4
63,4
64,4
65,4
66,4
67,4
68,4
69,4
70,4
71,4
72,4
73,4
74,4
75,4
76,4
77,4
78,4
79,4
80,4
81,4
82,4
83,4
84,4
85,4
86,4
87,4
88,4
89,4
90,4
91,4
92,4
93,4
94,4
95,4
96,4
97,4
98,4
99,4
100,4
time,weight
0,4
1,4
2,4
3,4
4,4
5,4
6,4
7,4
8,4
9,4
10,4
11,4
12,4
13,4
14,4
15,4
16,4
17,4
18,4
19,4
20,4
21,4
22,4
23,4
24,4
25,4
26,4
27,4
28,4
29,4
30,4
31,4
32,4
33,4
34,4
35,4
36,4
37,4
38,4
39,4
40,4
41,4
42,4
43,4
44,4
45,4
46,4
47,4
48,4
49,4
50,4
51,4
52,4
53,4
54,4
55,4
56,4
57,4
58,4
59,4
60,4
61,4
62,4
63,4
64,4
65,4
66,4
67,4
68,4
69,4
70,4
71,4
72,4
73,4
74,4
75,4
76,4
77,4
78,4
79,4
80,4
81,4
82,4
83,4
84,4
85,4
86,4
87,4
88,4
89,4
90,4
91,4
92,4
93,4
94,4
95,4
96,4
97,4
98,4
99,4
100,4
time,weight
0,4
1,4
2,4
3,4
4,4
5,4
6,4
7,4
8,4
9,4
10,4
11,4
12,4
13,4
14,4
15,4
16,4
17,4
18,4
19,4
20,4
21,4
22,4
23,4
24,4
25,4
26,4
27,4
28,4
29,4
30,4
31,4
32,4
33,4
34,4
35,4
36,4
37,4
38,4
39,4
40,4
41,4
42,4
43,4
44,4
45,4
46,4
47,4
48,4
49,4
50,4
51,4
52,4
53,4
54,4
55,4
56,4
57,4
58,4
59,4
60,4
61,4
62,4
63,4
64,4
65,4
66,4
67,4
68,4
69,4
70,4
71,4
72,4
73,4
74,4
75,4
76,4
77,4
78,4
79,4
80,4
81,4
82,4
83,4
84,4
85,4
86,4
87,4
88,4
89,4
90,4
91,4
92,4
93,4
94,4
95,4
96,4
97,4
98,4
99,4
100,4
time,weight
0,4
1,4
time,weight
0,4
1,4
time,weight
0,4
1,4
2,4
time,weight
0,4
1,4
2,4
3,5
4,6
5,7
6,8
7,9
8,10
9,11
10,12
11,13
12,14
13,15
14,16
15,17
16,18
17,19
18,20
19,21
20,22
21,23
22,24
23,25
24,26
25,27
26,28
27,29
28,30
29,31
30,30
31,31
32,30
33,31
34,30
35,31
36,30
37,31
38,30
39,31
40,30
41,31
42,30
43,31
44,30
45,31
46,30
47,31
48,30
49,31
50,30
51,31
52,30
53,31
54,30
55,31
56,30
57,31
58,30
59,31
60,30
61,31
62,30
63,31
64,30
65,31
66,30
67,31
68,30
69,31
70,30
71,31
72,30
73,31
74,30
75,31
76,30
77,31
78,30
79,31
80,30
81,31
82,30
83,31
84,30
85,31
86,30
87,31
88,30
89,31
90,30
91,31
92,30
93,31
94,30
95,31
96,30
97,31
98,30
99,31
100,30
time,weight
0,4
1,4
2,4
3,4
4,5
5,6
6,7
7,8
8,9
9,10
10,11
11,12
12,13
13,14
14,15
15,16
16,17
17,18
18,19
19,20
20,21
21,22
22,23
23,24
24,25
25,26
26,27
27,28
28,29
29,30
30,31
31,30
32,31
33,30
34,31
35,30
36,31
37,30
38,31
39,30
40,31
41,30
42,31
43,30
44,31
45,30
46,31
47,30
48,31
49,30
50,31
51,30
52,31
53,30
54,31
55,30
56,31
57,30
58,31
59,30
60,31
61,30
62,31
63,30
64,31
65,30
66,31
67,30
68,31
69,30
70,31
71,30
72,31
73,30
74,31
75,30
76,31
77,30
78,31
79,30
80,31
81,30
82,31
83,30
84,31
85,30
86,31
87,30
88,31
89,30
90,31
91,30
92,31
93,30
94,31
95,30
96,31
97,30
98,31
99,30
100,31
time,weight
0,4
1,4
2,4
3,4
4,5
5,6
6,7
7,8
8,9
9,10
10,11
11,12
12,13
13,14
14,15
15,16
16,17
17,18
18,19
19,20
20,21
21,22
22,23
23,24
24,25
25,26
26,27
27,28
28,29
29,30
30,31
31,30
32,31
33,30
34,31
35,30
36,31
37,30
38,31
39,30
40,31
41,30
42,31
43,30
44,31
45,30
46,31
47,30
48,31
49,30
50,31
51,30
52,31
53,30
54,31
55,30
56,31
57,30
58,31
59,30
60,31
61,30
62,31
63,30
64,31
65,30
66,31
67,30
68,31
69,30
70,31
71,30
72,31
73,30
74,31
75,30
76,31
77,30
78,31
79,30
80,31
81,30
82,31
83,30
84,31
85,30
86,31
87,30
88,31
89,30
90,31
91,30
92,31
93,30
94,31
95,30
96,31
97,30
98,31
99,30
100,31
time,weight
0,4
1,4
2,4
3,4
4,5
5,6
6,7
7,8
8,9
9,10
10,11
11,12
12,13
13,14
14,15
15,16
16,17
17,18
18,19
19,20
20,21
21,22
22,23
23,24
24,25
25,26
26,27
27,28
28,29
29,30
30,31
31,30
32,31
33,30
34,31
35,30
36,31
37,30
38,31
39,30
40,31
41,30
42,31
43,30
44,31
45,30
46,31
47,30
48,31
49,30
50,31
51,30
52,31
53,30
54,31
55,30
56,31
57,30
58,31
59,30
60,31
61,30
62,31
63,30
64,31
65,30
66,31
67,30
68,31
69,30
70,31
71,30
72,31
73,30
74,31
75,30
76,31
77,30
78,31
79,30
80,31
81,30
82,31
83,30
84,31
85,30
86,31
87,30
88,31
89,30
90,31
91,30
92,31
93,30
94,31
95,30
96,31
97,30
98,31
99,30
100,31
time,weight
0,4
1,4
2,4
3,4
4,5
5,6
6,7
7,8
8,9
9,10
10,11
11,12
12,13
13,14
14,15
15,16
16,17
17,18
18,19
19,20
20,21
21,22
22,23
23,24
24,25
25,26
26,27
27,28
28,29
29,30
30,31
31,30
32,31
33,30
34,31
35,30
36,31
37,30
38,31
39,30
40,31
41,30
42,31
43,30
44,31
45,30
46,31
47,30
48,31
49,30
50,31
51,30
52,31
53,30
54,31
55,30
56,31
57,30
58,31
59,30
60,31
61,30
62,31
63,30
64,31
65,30
66,31
67,30
68,31
69,30
70,31
71,30
72,31
73,30
74,31
75,30
76,31
77,30
78,31
79,30
80,31
81,30
82,31
83,30
84,31
85,30
86,31
87,30
88,31
89,30
90,31
91,30
92,31
93,30
94,31
95,30
96,31
97,30
98,31
99,30
100,31
101,30
102,31
103,30
104,31
105,30
106,31
107,30
108,31
109,30
110,31
111,30
112,31
113,30
114,31
115,30
116,31
117,30
118,31
119,30
120,31
121,30
122,31
123,30
124,31
125,30
126,31
127,30
128,31
129,30
130,31
131,30
132,31
133,30
134,31
135,30
136,31
137,30
138,31
139,30
140,31
141,30
142,31
143,30
144,31
145,30
146,31
147,30
148,31
149,30
150,31
151,30
152,31
153,30
154,31
155,30
156,31
157,30
158,31
159,30
160,31
161,30
162,31
163,30
164,31
165,30
166,31
167,30
168,31
169,30
170,31
171,30
172,31
173,30
174,31
175,30
176,31
177,30
178,31
179,30
180,31
181,30
182,31
183,30
184,31
185,30
186,31
187,30
188,31
189,30
190,31
191,30
192,31
193,30
194,31
195,30
196,31
197,30
198,31
199,30
200,31
201,30
202,31
203,30
204,31
205,30
206,31
207,30
208,31
209,30
210,31
211,30
212,31
213,30
214,31
215,30
216,31
217,30
218,31
219,30
220,31
221,30
222,31
223,30
224,31
225,30
226,31
227,30
228,31
229,30
230,31
231,30
232,31
233,30
234,31
235,30
236,31
237,30
238,31
239,30
240,31
241,30
242,31
243,30
244,31
245,30
246,31
247,30
248,31
249,30
250,31
251,30
252,31
253,30
254,31
255,30
256,31
257,30
258,31
259,30
260,31
261,30
262,31
263,30
264,31
265,30
266,31
267,30
268,31
269,30
270,31
271,30
272,31
273,30
274,31
275,30
276,31
277,30
278,31
279,30
280,31
281,30
282,31
283,30
284,31
285,30
286,31
287,30
288,31
289,30
290,31
291,30
292,31
293,30
294,31
295,30
296,31
297,30
298,31
299,30
300,31
301,30
302,31
303,30
304,31
305,30
306,31
307,30
308,31
309,30
310,31
311,30
312,31
313,30
314,31
315,30
316,31
317,30
318,31
319,30
320,31
321,30
322,31
323,30
324,31
325,30
326,31
327,30
328,31
329,30
330,31
331,30
332,31
333,30
334,31
335,30
336,31
337,30
338,31
339,30
340,31
341,30
342,31
343,30
344,31
345,30
346,31
347,30
348,31
349,30
350,31
351,30
352,31
353,30
354,31
355,30
356,31
357,30
358,31
359,30
360,31
361,30
362,31
363,30
364,31
365,30
366,31
367,30
368,31
369,30
370,31
371,30
372,31
373,30
374,31
375,30
376,31
377,30
378,31
379,30
380,31
381,30
382,31
383,30
384,31
385,30
386,31
387,30
388,31
389,30
390,31
391,30
392,31
393,30
394,31
395,30
396,31
397,30
398,31
399,30
400,31
401,30
402,31
403,30
404,31
405,30
406,31
407,30
408,31
409,30
410,31
411,30
412,31
413,30
414,31
415,30
416,31
417,30
418,31
419,30
420,31
421,30
422,31
423,30
424,31
425,30
426,31
427,30
428,31
429,30
430,31
431,30
432,31
433,30
434,31
435,30
436,31
437,30
438,31
439,30
440,31
441,30
442,31
443,30
444,31
445,30
446,31
447,30
448,31
449,30
450,31
451,30
452,31
453,30
454,31
455,30
456,31
457,30
458,31
459,30
460,31
461,30
462,31
463,30
464,31
465,30
466,31
467,30
468,31
469,30
470,31
471,30
472,31
473,30
474,31
475,30
476,31
477,30
478,31
479,30
480,31
481,30
482,31
483,30
484,31
485,30
486,31
487,30
488,31
489,30
490,31
491,30
492,31
493,30
494,31
495,30
496,31
497,30
498,31
499,30
500,31
time,weight
0,4
1,4
2,4
3,4
4,5
5,6
6,7
7,8
8,9
9,10
10,11
11,12
12,13
13,14
14,15
15,16
16,17
17,18
18,19
19,20
20,21
21,22
22,23
23,24
24,25
25,26
26,27
27,28
28,29
29,30
30,31
31,30
32,31
33,30
34,31
35,30
36,31
37,30
38,31
39,30
40,31
41,30
42,31
43,30
44,31
45,30
46,31
47,30
48,31
49,30
50,31
51,30
52,31
53,30
54,31
55,30
56,31
57,30
58,31
59,30
60,31
61,30
62,31
63,30
64,31
65,30
66,31
67,30
68,31
69,30
70,31
71,30
72,31
73,30
74,31
75,30
76,31
77,30
78,31
79,30
80,31
81,30
82,31
83,30
84,31
85,30
86,31
87,30
88,31
89,30
90,31
91,30
92,31
93,30
94,31
95,30
96,31
97,30
98,31
99,30
100,31
101,30
102,31
103,30
104,31
105,30
106,31
107,30
108,31
109,30
110,31
111,30
112,31
113,30
114,31
115,30
116,31
117,30
118,31
119,30
120,31
121,30
122,31
123,30
124,31
125,30
126,31
127,30
128,31
129,30
130,31
131,30
132,31
133,30
134,31
135,30
136,31
137,30
138,31
139,30
140,31
141,30
142,31
143,30
144,31
145,30
146,31
147,30
148,31
149,30
150,31
151,30
152,31
153,30
154,31
155,30
156,31
157,30
158,31
159,30
160,31
161,30
162,31
163,30
164,31
165,30
166,31
167,30
168,31
169,30
170,31
171,30
172,31
173,30
174,31
175,30
176,31
177,30
178,31
179,30
180,31
181,30
182,31
183,30
184,31
185,30
186,31
187,30
188,31
189,30
190,31
191,30
192,31
193,30
194,31
195,30
196,31
197,30
198,31
199,30
200,31
201,30
202,31
203,30
204,31
205,30
206,31
207,30
208,31
209,30
210,31
211,30
212,31
213,30
214,31
215,30
216,31
217,30
218,31
219,30
220,31
221,30
222,31
223,30
224,31
225,30
226,31
227,30
228,31
229,30
230,31
231,30
232,31
233,30
234,31
235,30
236,31
237,30
238,31
239,30
240,31
241,30
242,31
243,30
244,31
245,30
246,31
247,30
248,31
249,30
250,31
251,30
252,31
253,30
254,31
255,30
256,31
257,30
258,31
259,30
260,31
261,30
262,31
263,30
264,31
265,30
266,31
267,30
268,31
269,30
270,31
271,30
272,31
273,30
274,31
275,30
276,31
277,30
278,31
279,30
280,31
281,30
282,31
283,30
284,31
285,30
286,31
287,30
288,31
289,30
290,31
291,30
292,31
293,30
294,31
295,30
296,31
297,30
298,31
299,30
300,31
301,30
302,31
303,30
304,31
305,30
306,31
307,30
308,31
309,30
310,31
311,30
312,31
313,30
314,31
315,30
316,31
317,30
318,31
319,30
320,31
321,30
322,31
323,30
324,31
325,30
326,31
327,30
328,31
329,30
330,31
331,30
332,31
333,30
334,31
335,30
336,31
337,30
338,31
339,30
340,31
341,30
342,31
343,30
344,31
345,30
346,31
347,30
348,31
349,30
350,31
351,30
352,31
353,30
354,31
355,30
356,31
357,30
358,31
359,30
360,31
361,30
362,31
363,30
364,31
365,30
366,31
367,30
368,31
369,30
370,31
371,30
372,31
373,30
374,31
375,30
376,31
377,30
378,31
379,30
380,31
381,30
382,31
383,30
384,31
385,30
386,31
387,30
388,31
389,30
390,31
391,30
392,31
393,30
394,31
395,30
396,31
397,30
398,31
399,30
400,31
401,30
402,31
403,30
404,31
405,30
406,31
407,30
408,31
409,30
410,31
411,30
412,31
413,30
414,31
415,30
416,31
417,30
418,31
419,30
420,31
421,30
422,31
423,30
424,31
425,30
426,31
427,30
428,31
429,30
430,31
431,30
432,31
433,30
434,31
435,30
436,31
437,30
438,31
439,30
440,31
441,30
442,31
443,30
444,31
445,30
446,31
447,30
448,31
449,30
450,31
451,30
452,31
453,30
454,31
455,30
456,31
457,30
458,31
459,30
460,31
461,30
462,31
463,30
464,31
465,30
466,31
467,30
468,31
469,30
470,31
471,30
472,31
473,30
474,31
475,30
476,31
477,30
478,31
479,30
480,31
481,30
482,31
483,30
484,31
485,30
486,31
487,30
488,31
489,30
490,31
491,30
492,31
493,30
494,31
495,30
496,31
497,30
498,31
499,30
500,31
time,weight
0,4
1,4
2,4
3,4
4,5
5,6
6,7
7,8
8,9
9,10
10,11
11,12
12,13
13,14
14,15
15,16
16,17
17,18
18,19
19,20
20,21
21,22
22,23
23,24
24,25
25,26
26,27
27,28
28,29
29,30
30,31
31,30
32,31
33,30
34,31
35,30
36,31
37,30
38,31
39,30
40,31
41,30
42,31
43,30
44,31
45,30
46,31
47,30
48,31
49,30
50,31
51,30
52,31
53,30
54,31
55,30
56,31
57,30
58,31
59,30
60,31
61,30
62,31
63,30
64,31
65,30
66,31
67,30
68,31
69,30
70,31
71,30
72,31
73,30
74,31
75,30
76,31
77,30
78,31
79,30
80,31
81,30
82,31
83,30
84,31
85,30
86,31
87,30
88,31
89,30
90,31
91,30
92,31
93,30
94,31
95,30
96,31
97,30
98,31
99,30
100,31
101,30
102,31
103,30
104,31
105,30
106,31
107,30
108,31
109,30
110,31
111,30
112,31
113,30
114,31
115,30
116,31
117,30
118,31
119,30
120,31
121,30
122,31
123,30
124,31
125,30
126,31
127,30
128,31
129,30
130,31
131,30
132,31
133,30
134,31
135,30
136,31
137,30
138,31
139,30
140,31
141,30
142,31
143,30
144,31
145,30
146,31
147,30
148,31
149,30
150,31
151,30
152,31
153,30
154,31
155,30
156,31
157,30
158,31
159,30
160,31
161,30
162,31
163,30
164,31
165,30
166,31
167,30
168,31
169,30
170,31
171,30
172,31
173,30
174,31
175,30
176,31
177,30
178,31
179,30
180,31
181,30
182,31
183,30
184,31
185,30
186,31
187,30
188,31
189,30
190,31
191,30
192,31
193,30
194,31
195,30
196,31
197,30
198,31
199,30
200,31
201,30
202,31
203,30
204,31
205,30
206,31
207,30
208,31
209,30
210,31
211,30
212,31
213,30
214,31
215,30
216,31
217,30
218,31
219,30
220,31
221,30
222,31
223,30
224,31
225,30
226,31
227,30
228,31
229,30
230,31
231,30
232,31
233,30
234,31
235,30
236,31
237,30
238,31
239,30
240,31
241,30
242,31
243,30
244,31
245,30
246,31
247,30
248,31
249,30
250,31
251,30
252,31
253,30
254,31
255,30
256,31
257,30
258,31
259,30
260,31
261,30
262,31
263,30
264,31
265,30
266,31
267,30
268,31
269,30
270,31
271,30
272,31
273,30
274,31
275,30
276,31
277,30
278,31
279,30
280,31
281,30
282,31
283,30
284,31
285,30
286,31
287,30
288,31
289,30
290,31
291,30
292,31
293,30
294,31
295,30
296,31
297,30
298,31
299,30
300,31
301,30
302,31
303,30
304,31
305,30
306,31
307,30
308,31
309,30
310,31
311,30
312,31
313,30
314,31
315,30
316,31
317,30
318,31
319,30
320,31
321,30
322,31
323,30
324,31
325,30
326,31
327,30
328,31
329,30
330,31
331,30
332,31
333,30
334,31
335,30
336,31
337,30
338,31
339,30
340,31
341,30
342,31
343,30
344,31
345,30
346,31
347,30
348,31
349,30
350,31
351,30
352,31
353,30
354,31
355,30
356,31
357,30
358,31
359,30
360,31
361,30
362,31
363,30
364,31
365,30
366,31
367,30
368,31
369,30
370,31
371,30
372,31
373,30
374,31
375,30
376,31
377,30
378,31
379,30
380,31
381,30
382,31
383,30
384,31
385,30
386,31
387,30
388,31
389,30
390,31
391,30
392,31
393,30
394,31
395,30
396,31
397,30
398,31
399,30
400,31
401,30
402,31
403,30
404,31
405,30
406,31
407,30
408,31
409,30
410,31
411,30
412,31
413,30
414,31
415,30
416,31
417,30
418,31
419,30
420,31
421,30
422,31
423,30
424,31
425,30
426,31
427,30
428,31
429,30
430,31
431,30
432,31
433,30
434,31
435,30
436,31
437,30
438,31
439,30
440,31
441,30
442,31
443,30
444,31
445,30
446,31
447,30
448,31
449,30
450,31
451,30
452,31
453,30
454,31
455,30
456,31
457,30
458,31
459,30
460,31
461,30
462,31
463,30
464,31
465,30
466,31
467,30
468,31
469,30
470,31
471,30
472,31
473,30
474,31
475,30
476,31
477,30
478,31
479,30
480,31
481,30
482,31
483,30
484,31
485,30
486,31
487,30
488,31
489,30
490,31
491,30
492,31
493,30
494,31
495,30
496,31
497,30
498,31
499,30
500,31
time,weight
0,4
1,4
2,4
3,4
4,5
5,6
6,7
7,8
8,9
9,10
10,11
11,12
12,13
13,14
14,15
15,16
16,17
17,18
18,19
19,20
20,21
21,22
22,23
23,24
24,25
25,26
26,27
27,28
28,29
29,30
30,31
31,30
32,31
33,30
34,31
35,30
36,31
37,30
38,31
39,30
40,31
41,30
42,31
43,30
44,31
45,30
46,31
47,30
48,31
49,30
50,31
51,30
52,31
53,30
54,31
55,30
56,31
57,30
58,31
59,30
60,31
61,30
62,31
63,30
64,31
65,30
66,31
67,30
68,31
69,30
70,31
71,30
72,31
73,30
74,31
75,30
76,31
77,30
78,31
79,30
80,31
81,30
82,31
83,30
84,31
85,30
86,31
87,30
88,31
89,30
90,31
91,30
92,31
93,30
94,31
95,30
96,31
97,30
98,31
99,30
100,31
101,30
102,31
103,30
104,31
105,30
106,31
107,30
108,31
109,30
110,31
111,30
112,31
113,30
114,31
115,30
116,31
117,30
118,31
119,30
120,31
121,30
122,31
123,30
124,31
125,30
126,31
127,30
128,31
129,30
130,31
131,30
132,31
133,30
134,31
135,30
136,31
137,30
138,31
139,30
140,31
141,30
142,31
143,30
144,31
145,30
146,31
147,30
148,31
149,30
150,31
151,30
152,31
153,30
154,31
155,30
156,31
157,30
158,31
159,30
160,31
161,30
162,31
163,30
164,31
165,30
166,31
167,30
168,31
169,30
170,31
171,30
172,31
173,30
174,31
175,30
176,31
177,30
178,31
179,30
180,31
181,30
182,31
183,30
184,31
185,30
186,31
187,30
188,31
189,30
190,31
191,30
192,31
193,30
194,31
195,30
196,31
197,30
198,31
199,30
200,31
201,30
202,31
203,30
204,31
205,30
206,31
207,30
208,31
209,30
210,31
211,30
212,31
213,30
214,31
215,30
216,31
217,30
218,31
219,30
220,31
221,30
222,31
223,30
224,31
225,30
226,31
227,30
228,31
229,30
230,31
231,30
232,31
233,30
234,31
235,30
236,31
237,30
238,31
239,30
240,31
241,30
242,31
243,30
244,31
245,30
246,31
247,30
248,31
249,30
250,31
251,30
252,31
253,30
254,31
255,30
256,31
257,30
258,31
259,30
260,31
261,30
262,31
263,30
264,31
265,30
266,31
267,30
268,31
269,30
270,31
271,30
272,31
273,30
274,31
275,30
276,31
277,30
278,31
279,30
280,31
281,30
282,31
283,30
284,31
285,30
286,31
287,30
288,31
289,30
290,31
291,30
292,31
293,30
294,31
295,30
296,31
297,30
298,31
299,30
300,31
301,30
302,31
303,30
304,31
305,30
306,31
307,30
308,31
309,30
310,31
311,30
312,31
313,30
314,31
315,30
316,31
317,30
318,31
319,30
320,31
321,30
322,31
323,30
324,31
325,30
326,31
327,30
328,31
329,30
330,31
331,30
332,31
333,30
334,31
335,30
336,31
337,30
338,31
339,30
340,31
341,30
342,31
343,30
344,31
345,30
346,31
347,30
348,31
349,30
350,31
351,30
352,31
353,30
354,31
355,30
356,31
357,30
358,31
359,30
360,31
361,30
362,31
363,30
364,31
365,30
366,31
367,30
368,31
369,30
370,31
371,30
372,31
373,30
374,31
375,30
376,31
377,30
378,31
379,30
380,31
381,30
382,31
383,30
384,31
385,30
386,31
387,30
388,31
389,30
390,31
391,30
392,31
393,30
394,31
395,30
396,31
397,30
398,31
399,30
400,31
401,30
402,31
403,30
404,31
405,30
406,31
407,30
408,31
409,30
410,31
411,30
412,31
413,30
414,31
415,30
416,31
417,30
418,31
419,30
420,31
421,30
422,31
423,30
424,31
425,30
426,31
427,30
428,31
429,30
430,31
431,30
432,31
433,30
434,31
435,30
436,31
437,30
438,31
439,30
440,31
441,30
442,31
443,30
444,31
445,30
446,31
447,30
448,31
449,30
450,31
451,30
452,31
453,30
454,31
455,30
456,31
457,30
458,31
459,30
460,31
461,30
462,31
463,30
464,31
465,30
466,31
467,30
468,31
469,30
470,31
471,30
472,31
473,30
474,31
475,30
476,31
477,30
478,31
479,30
480,31
481,30
482,31
483,30
484,31
485,30
486,31
487,30
488,31
489,30
490,31
491,30
492,31
493,30
494,31
495,30
496,31
497,30
498,31
499,30
500,31
time,weight
0,4
time,weight
0,4
time,weight
0,4
time,weight
0,4
1,4
2,4
3,4
4,4
5,4
6,4
7,4
8,4
9,4
10,4
11,4
12,4
13,4
14,4
15,4
16,4
17,4
18,4
19,4
20,4
21,4
22,4
23,4
24,4
25,4
26,4
27,4
28,4
29,4
30,4
31,4
32,4
33,4
34,4
35,4
36,4
37,4
38,4
39,4
40,4
41,4
42,4
43,4
44,4
45,4
46,4
47,4
48,4
49,4
50,4
51,4
52,4
53,4
54,4
55,4
56,4
57,4
58,4
59,4
60,4
61,4
62,4
63,4
64,4
65,4
66,4
67,4
68,4
69,4
70,4
71,4
72,4
73,4
74,4
75,4
76,4
77,4
78,4
79,4
80,4
81,4
82,4
83,4
84,4
85,4
86,4
87,4
88,4
89,4
90,4
91,4
92,4
93,4
94,4
95,4
96,4
97,4
98,4
99,4
100,4
101,4
102,4
103,4
104,4
105,4
106,4
107,4
108,4
109,4
110,4
111,4
112,4
113,4
114,4
115,4
116,4
117,4
118,4
119,4
120,4
121,4
122,4
123,4
124,4
125,4
126,4
127,4
128,4
129,4
130,4
131,4
132,4
133,4
134,4
135,4
136,4
137,4
138,4
139,4
140,4
141,4
142,4
143,4
144,4
145,4
146,4
147,4
148,4
149,4
150,4
151,4
152,4
153,4
154,4
155,4
156,4
157,4
158,4
159,4
160,4
161,4
162,4
163,4
164,4
165,4
166,4
167,4
168,4
169,4
170,4
171,4
172,4
173,4
174,4
175,4
176,4
177,4
178,4
179,4
180,4
181,4
182,4
183,4
184,4
185,4
186,4
187,4
188,4
189,4
190,4
191,4
192,4
193,4
194,4
195,4
196,4
197,4
198,4
199,4
200,4
201,4
202,4
203,4
204,4
205,4
206,4
207,4
208,4
209,4
210,4
211,4
212,4
213,4
214,4
215,4
216,4
217,4
218,4
219,4
220,4
221,4
222,4
223,4
224,4
225,4
226,4
227,4
228,4
229,4
230,4
231,4
232,4
233,4
234,4
235,4
236,4
237,4
238,4
239,4
240,4
241,4
242,4
243,4
244,4
245,4
246,4
247,4
248,4
249,4
250,4
251,4
252,4
253,4
254,4
255,4
256,4
257,4
258,4
259,4
260,4
261,4
262,4
263,4
264,4
265,4
266,4
267,4
268,4
269,4
270,4
271,4
272,4
273,4
274,4
275,4
276,4
277,4
278,4
279,4
280,4
281,4
282,4
283,4
284,4
285,4
286,4
287,4
288,4
289,4
290,4
291,4
292,4
293,4
294,4
295,4
296,4
297,4
298,4
299,4
300,4
301,4
302,4
303,4
304,4
305,4
306,4
307,4
308,4
309,4
310,4
311,4
312,4
313,4
314,4
315,4
316,4
317,4
318,4
319,4
320,4
321,4
322,4
323,4
324,4
325,4
326,4
327,4
328,4
329,4
330,4
331,4
332,4
333,4
334,4
335,4
336,4
337,4
338,4
339,4
340,4
341,4
342,4
343,4
344,4
345,4
346,4
347,4
348,4
349,4
350,4
351,4
352,4
353,4
354,4
355,4
356,4
357,4
358,4
359,4
360,4
361,4
362,4
363,4
364,4
365,4
366,4
367,4
368,4
369,4
370,4
371,4
372,4
373,4
374,4
375,4
376,4
377,4
378,4
379,4
380,4
381,4
382,4
383,4
384,4
385,4
386,4
387,4
388,4
389,4
390,4
391,4
392,4
393,4
394,4
395,4
396,4
397,4
398,4
399,4
400,4
401,4
402,4
403,4
404,4
405,4
406,4
407,4
408,4
409,4
410,4
411,4
412,4
413,4
414,4
415,4
416,4
417,4
418,4
419,4
420,4
421,4
422,4
423,4
424,4
425,4
426,4
427,4
428,4
429,4
430,4
431,4
432,4
433,4
434,4
435,4
436,4
437,4
438,4
439,4
440,4
441,4
442,4
443,4
444,4
445,4
446,4
447,4
448,4
449,4
450,4
451,4
452,4
453,4
454,4
455,4
456,4
457,4
458,4
459,4
460,4
461,4
462,4
463,4
464,4
465,4
466,4
467,4
468,4
469,4
470,4
471,4
472,4
473,4
474,4
475,4
476,4
477,4
478,4
479,4
480,4
481,4
482,4
483,4
484,4
485,4
486,4
487,4
488,4
489,4
490,4
491,4
492,4
493,4
494,4
495,4
496,4
497,4
498,4
499,4
500,4
time,weight
0,4
time,weight
0,4
1,4
2,4
3,4
4,5
5,6
6,7
7,8
8,9
9,10
10,11
11,12
12,13
13,14
14,15
15,16
16,17
17,18
18,19
19,20
20,21
21,22
22,23
23,24
24,25
25,26
26,27
27,28
28,29
29,30
30,31
31,30
32,31
33,30
34,31
35,30
36,31
37,30
38,31
39,30
40,31
41,30
42,31
43,30
44,31
45,30
46,31
47,30
48,31
49,30
50,31
51,30
52,31
53,30
54,31
55,30
56,31
57,30
58,31
59,30
60,31
61,30
62,31
63,30
64,31
65,30
66,31
67,30
68,31
69,30
70,31
71,30
72,31
73,30
74,31
75,30
76,31
77,30
78,31
79,30
80,31
81,30
82,31
83,30
84,31
85,30
86,31
87,30
88,31
89,30
90,31
91,30
92,31
93,30
94,31
95,30
96,31
97,30
98,31
99,30
100,31
101,30
102,31
103,30
104,31
105,30
106,31
107,30
108,31
109,30
110,31
111,30
112,31
113,30
114,31
115,30
116,31
117,30
118,31
119,30
120,31
121,30
122,31
123,30
124,31
125,30
126,31
127,30
128,31
129,30
130,31
131,30
132,31
133,30
134,31
135,30
136,31
137,30
138,31
139,30
140,31
141,30
142,31
143,30
144,31
145,30
146,31
147,30
148,31
149,30
150,31
151,30
152,31
153,30
154,31
155,30
156,31
157,30
158,31
159,30
160,31
161,30
162,31
163,30
164,31
165,30
166,31
167,30
168,31
169,30
170,31
171,30
172,31
173,30
174,31
175,30
176,31
177,30
178,31
179,30
180,31
181,30
182,31
183,30
184,31
185,30
186,31
187,30
188,31
189,30
190,31
191,30
192,31
193,30
194,31
195,30
196,31
197,30
198,31
199,30
200,31
201,30
202,31
203,30
204,31
205,30
206,31
207,30
208,31
209,30
210,31
211,30
212,31
213,30
214,31
215,30
216,31
217,30
218,31
219,30
220,31
221,30
222,31
223,30
224,31
225,30
226,31
227,30
228,31
229,30
230,31
231,30
232,31
233,30
234,31
235,30
236,31
237,30
238,31
239,30
240,31
241,30
242,31
243,30
244,31
245,30
246,31
247,30
248,31
249,30
250,31
251,30
252,31
253,30
254,31
255,30
256,31
257,30
258,31
259,30
260,31
261,30
262,31
263,30
264,31
265,30
266,31
267,30
268,31
269,30
270,31
271,30
272,31
273,30
274,31
275,30
276,31
277,30
278,31
279,30
280,31
281,30
282,31
283,30
284,31
285,30
286,31
287,30
288,31
289,30
290,31
291,30
292,31
293,30
294,31
295,30
296,31
297,30
298,31
299,30
300,31
301,30
302,31
303,30
304,31
305,30
306,31
307,30
308,31
309,30
310,31
311,30
312,31
313,30
314,31
315,30
316,31
317,30
318,31
319,30
320,31
321,30
322,31
323,30
324,31
325,30
326,31
327,30
328,31
329,30
330,31
331,30
332,31
333,30
334,31
335,30
336,31
337,30
338,31
339,30
340,31
341,30
342,31
343,30
344,31
345,30
346,31
347,30
348,31
349,30
350,31
351,30
352,31
353,30
354,31
355,30
356,31
357,30
358,31
359,30
360,31
361,30
362,31
363,30
364,31
365,30
366,31
367,30
368,31
369,30
370,31
371,30
372,31
373,30
374,31
375,30
376,31
377,30
378,31
379,30
380,31
381,30
382,31
383,30
384,31
385,30
386,31
387,30
388,31
389,30
390,31
391,30
392,31
393,30
394,31
395,30
396,31
397,30
398,31
399,30
400,31
401,30
402,31
403,30
404,31
405,30
406,31
407,30
408,31
409,30
410,31
411,30
412,31
413,30
414,31
415,30
416,31
417,30
418,31
419,30
420,31
421,30
422,31
423,30
424,31
425,30
426,31
427,30
428,31
429,30
430,31
431,30
432,31
433,30
434,31
435,30
436,31
437,30
438,31
439,30
440,31
441,30
442,31
443,30
444,31
445,30
446,31
447,30
448,31
449,30
450,31
451,30
452,31
453,30
454,31
455,30
456,31
457,30
458,31
459,30
460,31
461,30
462,31
463,30
464,31
465,30
466,31
467,30
468,31
469,30
470,31
471,30
472,31
473,30
474,31
475,30
476,31
477,30
478,31
479,30
480,31
481,30
482,31
483,30
484,31
485,30
486,31
487,30
488,31
489,30
490,31
491,30
492,31
493,30
494,31
495,30
496,31
497,30
498,31
499,30
500,31
time,weight
0,4
1,4
2,4
3,4
4,5
5,6
6,7
7,8
8,9
9,10
10,11
11,12
12,13
13,14
14,15
15,16
16,17
17,18
18,19
19,20
20,21
21,22
22,23
23,24
24,25
25,26
26,27
27,28
28,29
29,30
30,31
31,30
32,31
33,30
34,31
35,30
36,31
37,30
38,31
39,30
40,31
41,30
42,31
43,30
44,31
45,30
46,31
47,30
48,31
49,30
50,31
51,30
52,31
53,30
54,31
55,30
56,31
57,30
58,31
59,30
60,31
61,30
62,31
63,30
64,31
65,30
66,31
67,30
68,31
69,30
70,31
71,30
72,31
73,30
74,31
75,30
76,31
77,30
78,31
79,30
80,31
81,30
82,31
83,30
84,31
85,30
86,31
87,30
88,31
89,30
90,31
91,30
92,31
93,30
94,31
95,30
96,31
97,30
98,31
99,30
100,31
101,30
102,31
103,30
104,31
105,30
106,31
107,30
108,31
109,30
110,31
111,30
112,31
113,30
114,31
115,30
116,31
117,30
118,31
119,30
120,31
121,30
122,31
123,30
124,31
125,30
126,31
127,30
128,31
129,30
130,31
131,30
132,31
133,30
134,31
135,30
136,31
137,30
138,31
139,30
140,31
141,30
142,31
143,30
144,31
145,30
146,31
147,30
148,31
149,30
150,31
151,30
152,31
153,30
154,31
155,30
156,31
157,30
158,31
159,30
160,31
161,30
162,31
163,30
164,31
165,30
166,31
167,30
168,31
169,30
170,31
171,30
172,31
173,30
174,31
175,30
176,31
177,30
178,31
179,30
180,31
181,30
182,31
183,30
184,31
185,30
186,31
187,30
188,31
189,30
190,31
191,30
192,31
193,30
194,31
195,30
196,31
197,30
198,31
199,30
200,31
201,30
202,31
203,30
204,31
205,30
206,31
207,30
208,31
209,30
210,31
211,30
212,31
213,30
214,31
215,30
216,31
217,30
218,31
219,30
220,31
221,30
222,31
223,30
224,31
225,30
226,31
227,30
228,31
229,30
230,31
231,30
232,31
233,30
234,31
235,30
236,31
237,30
238,31
239,30
240,31
241,30
242,31
243,30
244,31
245,30
246,31
247,30
248,31
249,30
250,31
251,30
252,31
253,30
254,31
255,30
256,31
257,30
258,31
259,30
260,31
261,30
262,31
263,30
264,31
265,30
266,31
267,30
268,31
269,30
270,31
271,30
272,31
273,30
274,31
275,30
276,31
277,30
278,31
279,30
280,31
281,30
282,31
283,30
284,31
285,30
286,31
287,30
288,31
289,30
290,31
291,30
292,31
293,30
294,31
295,30
296,31
297,30
298,31
299,30
300,31
301,30
302,31
303,30
304,31
305,30
306,31
307,30
308,31
309,30
310,31
311,30
312,31
313,30
314,31
315,30
316,31
317,30
318,31
319,30
320,31
321,30
322,31
323,30
324,31
325,30
326,31
327,30
328,31
329,30
330,31
331,30
332,31
333,30
334,31
335,30
336,31
337,30
338,31
339,30
340,31
341,30
342,31
343,30
344,31
345,30
346,31
347,30
348,31
349,30
350,31
351,30
352,31
353,30
354,31
355,30
356,31
357,30
358,31
359,30
360,31
361,30
362,31
363,30
364,31
365,30
366,31
367,30
368,31
369,30
370,31
371,30
372,31
373,30
374,31
375,30
376,31
377,30
378,31
379,30
380,31
381,30
382,31
383,30
384,31
385,30
386,31
387,30
388,31
389,30
390,31
391,30
392,31
393,30
394,31
395,30
396,31
397,30
398,31
399,30
400,31
401,30
402,31
403,30
404,31
405,30
406,31
407,30
408,31
409,30
410,31
411,30
412,31
413,30
414,31
415,30
416,31
417,30
418,31
419,30
420,31
421,30
422,31
423,30
424,31
425,30
426,31
427,30
428,31
429,30
430,31
431,30
432,31
433,30
434,31
435,30
436,31
437,30
438,31
439,30
440,31
441,30
442,31
443,30
444,31
445,30
446,31
447,30
448,31
449,30
450,31
451,30
452,31
453,30
454,31
455,30
456,31
457,30
458,31
459,30
460,31
461,30
462,31
463,30
464,31
465,30
466,31
467,30
468,31
469,30
470,31
471,30
472,31
473,30
474,31
475,30
476,31
477,30
478,31
479,30
480,31
481,30
482,31
483,30
484,31
485,30
486,31
487,30
488,31
489,30
490,31
491,30
492,31
493,30
494,31
495,30
496,31
497,30
498,31
499,30
500,31
time,weight
0,4
1,4
2,4
3,4
4,5
5,6
6,7
7,8
8,9
9,10
10,11
11,12
12,13
13,14
14,15
15,16
16,17
17,18
18,19
19,20
20,21
21,22
22,23
23,24
24,25
25,26
26,27
27,28
28,29
29,30
30,31
31,30
32,31
33,30
34,31
35,30
36,31
37,30
38,31
39,30
40,31
41,30
42,31
43,30
44,31
45,30
46,31
47,30
48,31
49,30
50,31
51,30
52,31
53,30
54,31
55,30
56,31
57,30
58,31
59,30
60,31
61,30
62,31
63,30
64,31
65,30
66,31
67,30
68,31
69,30
70,31
71,30
72,31
73,30
74,31
75,30
76,31
77,30
78,31
79,30
80,31
81,30
82,31
83,30
84,31
85,30
86,31
87,30
88,31
89,30
90,31
91,30
92,31
93,30
94,31
95,30
96,31
97,30
98,31
99,30
100,31
101,30
102,31
103,30
104,31
105,30
106,31
107,30
108,31
109,30
110,31
111,30
112,31
113,30
114,31
115,30
116,31
117,30
118,31
119,30
120,31
121,30
122,31
123,30
124,31
125,30
126,31
127,30
128,31
129,30
130,31
131,30
132,31
133,30
134,31
135,30
136,31
137,30
138,31
139,30
140,31
141,30
142,31
143,30
144,31
145,30
146,31
147,30
148,31
149,30
150,31
151,30
152,31
153,30
154,31
155,30
156,31
157,30
158,31
159,30
160,31
161,30
162,31
163,30
164,31
165,30
166,31
167,30
168,31
169,30
170,31
171,30
172,31
173,30
174,31
175,30
176,31
177,30
178,31
179,30
180,31
181,30
182,31
183,30
184,31
185,30
186,31
187,30
188,31
189,30
190,31
191,30
192,31
193,30
194,31
195,30
196,31
197,30
198,31
199,30
200,31
201,30
202,31
203,30
204,31
205,30
206,31
207,30
208,31
209,30
210,31
211,30
212,31
213,30
214,31
215,30
216,31
217,30
218,31
219,30
220,31
221,30
222,31
223,30
224,31
225,30
226,31
227,30
228,31
229,30
230,31
231,30
232,31
233,30
234,31
235,30
236,31
237,30
238,31
239,30
240,31
241,30
242,31
243,30
244,31
245,30
246,31
247,30
248,31
249,30
250,31
251,30
252,31
253,30
254,31
255,30
256,31
257,30
258,31
259,30
260,31
261,30
262,31
263,30
264,31
265,30
266,31
267,30
268,31
269,30
270,31
271,30
272,31
273,30
274,31
275,30
276,31
277,30
278,31
279,30
280,31
281,30
282,31
283,30
284,31
285,30
286,31
287,30
288,31
289,30
290,31
291,30
292,31
293,30
294,31
295,30
296,31
297,30
298,31
299,30
300,31
301,30
302,31
303,30
304,31
305,30
306,31
307,30
308,31
309,30
310,31
311,30
312,31
313,30
314,31
315,30
316,31
317,30
318,31
319,30
320,31
321,30
322,31
323,30
324,31
325,30
326,31
327,30
328,31
329,30
330,31
331,30
332,31
333,30
334,31
335,30
336,31
337,30
338,31
339,30
340,31
341,30
342,31
343,30
344,31
345,30
346,31
347,30
348,31
349,30
350,31
351,30
352,31
353,30
354,31
355,30
356,31
357,30
358,31
359,30
360,31
361,30
362,31
363,30
364,31
365,30
366,31
367,30
368,31
369,30
370,31
371,30
372,31
373,30
374,31
375,30
376,31
377,30
378,31
379,30
380,31
381,30
382,31
383,30
384,31
385,30
386,31
387,30
388,31
389,30
390,31
391,30
392,31
393,30
394,31
395,30
396,31
397,30
398,31
399,30
400,31
401,30
402,31
403,30
404,31
405,30
406,31
407,30
408,31
409,30
410,31
411,30
412,31
413,30
414,31
415,30
416,31
417,30
418,31
419,30
420,31
421,30
422,31
423,30
424,31
425,30
426,31
427,30
428,31
429,30
430,31
431,30
432,31
433,30
434,31
435,30
436,31
437,30
438,31
439,30
440,31
441,30
442,31
443,30
444,31
445,30
446,31
447,30
448,31
449,30
450,31
451,30
452,31
453,30
454,31
455,30
456,31
457,30
458,31
459,30
460,31
461,30
462,31
463,30
464,31
465,30
466,31
467,30
468,31
469,30
470,31
471,30
472,31
473,30
474,31
475,30
476,31
477,30
478,31
479,30
480,31
481,30
482,31
483,30
484,31
485,30
486,31
487,30
488,31
489,30
490,31
491,30
492,31
493,30
494,31
495,30
496,31
497,30
498,31
499,30
500,31
